"","country","latitude","longitude","year_start","year_end"
"1","Myanmar",17.25,96.25,1998,2000
"2","Myanmar",17.25,96.25,1998,2000
"3","Myanmar",16.75,94.75,1998,2000
"4","Myanmar",16.75,94.25,1998,2000
"5","Myanmar",17.75,95.25,1998,2000
"6","Myanmar",22.25,96.25,1998,2000
"7","Myanmar",22.25,96.25,1998,2000
"8","Myanmar",22.25,96.25,1998,2000
"9","Myanmar",22.25,96.25,1998,2000
"10","Myanmar",21.75,96.25,1998,2000
"11","Myanmar",22.75,95.75,1998,2000
"12","Myanmar",21.75,96.25,1998,2000
"13","Myanmar",20.75,95.75,1998,2000
"14","Myanmar",21.75,96.25,1998,2000
"15","Myanmar",20.75,95.25,1998,2000
"16","Myanmar",21.25,95.25,1998,2000
"17","Myanmar",22.75,95.75,1998,2000
"18","Myanmar",22.75,96.25,1998,2000
"19","Myanmar",22.25,96.75,1998,2000
"20","Myanmar",19.75,96.25,1998,2000
"21","Myanmar",22.25,96.75,1998,2000
"22","Myanmar",20.75,96.25,1998,2000
"23","Myanmar",20.25,96.25,1998,2000
"24","Myanmar",19.75,96.25,1998,2000
"25","Myanmar",23.75,94.25,1998,2000
"26","Myanmar",24.25,94.25,1998,2000
"27","Myanmar",22.25,95.25,1998,2000
"28","Myanmar",24.25,95.75,1998,2000
"29","Myanmar",24.25,96.25,1998,2000
"30","Myanmar",24.25,96.25,1998,2000
"31","Myanmar",22.75,95.75,1998,2000
"32","Myanmar",20.25,94.75,1998,2000
"33","Myanmar",20.75,94.25,1998,2000
"34","Myanmar",21.25,94.25,1998,2000
"35","Myanmar",22.25,94.25,1998,2000
"36","Myanmar",20.25,95.75,1998,2000
"37","Myanmar",20.25,95.25,1998,2000
"38","Myanmar",20.25,95.25,1998,2000
"39","Myanmar",20.25,94.75,1998,2000
"40","Myanmar",21.75,95.25,1998,2000
"41","Myanmar",19.25,95.25,1998,2000
"42","Myanmar",19.25,95.25,1998,2000
"43","Myanmar",19.25,95.25,1998,2000
"44","Myanmar",20.25,94.75,1998,2000
"45","Myanmar",20.25,94.75,1998,2000
"46","Myanmar",20.75,94.75,1998,2000
"47","Myanmar",20.25,94.25,1998,2000
"48","Myanmar",20.25,94.25,1998,2000
"49","Myanmar",21.25,92.25,1998,2000
"50","Myanmar",20.75,92.25,1998,2000
"51","Myanmar",20.25,93.25,1998,2000
"52","Myanmar",20.75,97.25,1998,2000
"53","Myanmar",21.25,99.75,1998,2000
"54","Myanmar",20.75,96.25,1998,2000
"55","Myanmar",20.75,97.25,1998,2000
"56","Myanmar",25.25,97.25,1998,2000
"57","Myanmar",24.75,96.25,1998,2000
"58","Myanmar",22.75,93.75,1998,2000
"59","Myanmar",19.25,96.75,1998,2000
"60","Myanmar",16.75,97.75,1998,2000
"61","Myanmar",18.75,96.25,1998,2000
"62","Myanmar",19.25,96.25,1998,2000
"63","Myanmar",18.75,95.25,1998,2000
"64","Myanmar",18.75,95.25,1998,2000
"65","Myanmar",18.75,95.25,1998,2000
"66","Myanmar",14.75,98.25,1996,1998
"67","Myanmar",14.75,98.25,1996,1998
"68","Myanmar",14.75,97.75,1996,1998
"69","Myanmar",14.75,97.75,1996,1998
"70","Myanmar",18.75,96.25,1992,1993
"71","Myanmar",18.75,96.25,1992,1992
"72","Myanmar",18.75,96.25,1993,1993
"73","India",28.75,77.25,1996,1996
"74","Pakistan",32.25,69.75,1989,1989
"75","India",17.25,78.25,1989,1989
"76","India",17.25,78.75,1989,1989
"77","Pakistan",33.75,71.75,1993,1994
"78","Pakistan",31.75,73.75,1997,1997
"79","Pakistan",31.75,73.75,1998,1998
"80","Pakistan",34.25,71.75,1999,1999
"81","Iran",27.25,56.25,2002,2002
"82","India",28.75,77.25,1994,1994
"83","India",28.75,77.25,1995,1995
"84","India",28.75,77.25,1996,1996
"85","India",28.75,77.25,1989,1991
"86","India",28.75,77.25,1989,1991
"87","India",28.75,77.25,1989,1991
"88","India",28.75,77.25,1989,1991
"89","India",28.75,77.25,1989,1991
"90","India",28.75,77.25,1989,1991
"91","India",28.75,77.25,1989,1991
"92","India",28.75,77.25,1989,1991
"93","India",29.25,79.25,1992,1994
"94","Iran",27.25,56.25,2002,2002
"95","Iran",27.25,56.25,2003,2003
"96","Iran",27.75,56.25,2002,2002
"97","Iran",27.75,56.25,2003,2003
"98","Iran",27.25,56.25,2002,2003
"99","Iran",28.25,56.75,2002,2003
"100","India",25.25,81.75,1991,1991
"101","India",25.25,81.75,1992,1992
"102","India",25.25,81.75,1991,1992
"103","India",22.75,88.25,1995,1995
"104","India",22.75,88.25,1996,1996
"105","India",22.75,88.25,1995,1996
"106","India",22.25,72.75,1988,1990
"107","Pakistan",29.75,73.25,1999,2000
"108","Pakistan",29.75,73.25,1999,1999
"109","Pakistan",29.75,73.25,2000,2000
"110","Pakistan",29.75,73.25,1999,2000
"111","Pakistan",29.75,73.25,1999,1999
"112","Pakistan",29.75,73.25,2000,2000
"113","Pakistan",29.75,73.25,1999,2000
"114","Pakistan",29.75,73.25,1999,1999
"115","Pakistan",29.75,73.25,2000,2000
"116","Iran",27.25,56.75,1984,1985
"117","Iran",27.25,56.75,1985,1985
"118","India",28.25,77.25,1986,1986
"119","India",22.75,88.25,1985,1987
"120","Pakistan",29.75,73.25,2000,2000
"121","India",22.75,88.25,1986,1986
"122","India",22.75,88.25,1987,1987
"123","India",10.25,77.75,1994,1994
"124","India",10.25,77.75,1995,1995
"125","India",22.25,72.75,1988,1990
"126","India",21.25,72.75,2001,2001
"127","India",22.75,73.25,1999,2000
"128","India",29.25,77.25,1999,2000
"129","India",22.75,88.25,1990,1990
"130","India",22.75,88.25,1991,1991
"131","India",22.75,88.25,1986,1986
"132","India",28.75,77.25,1996,1996
"133","India",26.75,75.75,1986,1987
"134","India",26.75,75.75,1987,1987
"135","Pakistan",33.75,71.75,1994,1994
"136","India",15.75,73.75,1998,1999
"137","India",28.75,77.25,1985,1985
"138","India",28.75,77.25,1986,1986
"139","India",28.75,77.25,1984,1986
"140","India",28.75,77.25,1985,1985
"141","India",28.75,77.25,1986,1986
"142","India",28.75,77.25,1984,1986
"143","India",28.75,77.25,1985,1985
"144","India",28.75,77.25,1986,1986
"145","Iran",27.25,60.75,2002,2002
"146","Iran",25.25,60.75,2002,2002
"147","Iran",26.25,60.25,2002,2002
"148","Iran",28.25,61.25,2002,2002
"149","Iran",29.75,51.75,2002,2002
"150","Iran",27.25,56.25,2002,2002
"151","India",22.75,72.75,1993,1994
"152","India",15.25,73.75,1990,1990
"153","India",15.25,73.75,1991,1992
"154","India",15.25,73.75,1993,1993
"155","India",12.25,76.75,1992,1993
"156","India",22.75,88.25,1985,1985
"157","India",22.75,88.25,1986,1986
"158","India",22.75,88.25,1985,1986
"159","India",22.75,88.25,1985,1985
"160","India",22.75,88.25,1986,1988
"161","India",30.75,74.75,1995,1995
"162","India",30.25,76.25,1995,1995
"163","India",30.75,76.75,1995,1995
"164","India",25.25,71.25,1994,1994
"165","Pakistan",34.25,71.75,1992,1992
"166","Iran",27.25,57.25,1985,1985
"167","Iran",27.25,57.25,1986,1986
"168","India",22.75,79.75,1995,1995
"169","India",22.75,88.25,1995,1996
"170","India",22.75,88.25,1995,1996
"171","India",22.75,88.25,1995,1996
"172","India",28.75,77.25,1993,1993
"173","Afghanistan",34.25,70.25,1998,1998
"174","India",23.75,77.75,1987,1988
"175","India",21.25,73.25,1993,1993
"176","India",15.75,73.75,1991,1992
"177","Pakistan",31.25,73.25,2001,2002
"178","India",28.25,77.25,2002,2002
"179","India",28.25,77.25,2002,2002
"180","India",28.25,77.25,2002,2002
"181","Iraq",33.25,44.25,1985,1985
"182","Pakistan",29.75,73.25,1999,2000
"183","Pakistan",29.75,73.25,1999,2000
"184","Pakistan",33.75,71.75,2005,2005
"185","Thailand",14.25,100.75,2006,2006
"186","United Arab Emirates",25.25,55.25,1986,1986
"187","Iran",29.75,51.75,2000,2000
"188","India",28.75,77.25,1991,1991
"189","India",13.25,80.25,2003,2003
"190","Myanmar",17.75,95.25,1998,1998
"191","Myanmar",17.75,95.25,1999,1999
"192","Myanmar",22.25,96.25,1998,2000
"193","Myanmar",21.75,96.25,1998,1998
"194","Myanmar",21.75,96.25,1999,1999
"195","Myanmar",20.25,96.25,1998,2000
"196","Myanmar",19.75,96.25,1998,2000
"197","Myanmar",22.25,95.25,1998,1998
"198","Myanmar",22.25,95.25,1999,1999
"199","Myanmar",23.75,95.75,1998,2000
"200","Myanmar",20.25,94.75,1998,2000
"201","Myanmar",20.75,94.75,1998,2000
"202","Myanmar",20.25,94.75,1998,1998
"203","Myanmar",20.25,94.75,1999,1999
"204","Myanmar",19.25,95.25,1998,2000
"205","Myanmar",20.75,97.75,1998,2000
"206","Myanmar",18.75,95.25,1998,1998
"207","Myanmar",18.75,95.25,1999,1999
"208","India",25.25,81.75,1999,2001
"209","India",22.75,88.25,2003,2003
"210","India",22.75,88.25,2003,2004
"211","India",22.75,88.25,2004,2004
"212","India",22.75,88.25,2004,2005
"213","India",22.75,88.25,2005,2005
"214","India",22.75,88.25,2005,2006
"215","India",27.75,71.75,1993,1995
"216","India",27.75,71.75,1993,1993
"217","India",27.75,71.75,1994,1994
"218","India",27.25,72.25,1993,1995
"219","India",27.25,72.25,1993,1993
"220","India",27.25,72.25,1994,1994
"221","India",10.75,72.75,2000,2000
"222","India",10.75,72.25,2000,2000
"223","India",28.75,77.25,1985,1985
"224","India",28.75,77.25,1985,1985
"225","India",28.75,77.25,1985,1985
"226","India",28.75,77.25,1985,1985
"227","India",28.25,77.25,1985,1985
"228","India",28.75,77.25,1985,1985
"229","India",28.75,77.25,1985,1985
"230","India",28.75,77.25,1985,1985
"231","India",28.75,77.75,1993,1993
"232","India",22.75,80.25,1987,1987
"233","India",22.75,72.75,1985,1985
"234","India",12.75,74.75,2006,2006
"235","Iran",26.75,60.75,1995,1995
"236","Thailand",16.75,98.75,2011,2013
"237","Thailand",17.75,97.75,2011,2013
"238","China",24.75,97.75,2012,2013
"239","China",24.75,97.75,2012,2013
"240","Myanmar",24.75,97.75,2012,2014
"241","Myanmar",24.75,97.75,2012,2014
"242","Myanmar",24.75,97.75,2012,2014
"243","Saudi Arabia",18.25,42.25,2005,2006
"244","Saudi Arabia",26.25,50.25,2005,2006
"245","Saudi Arabia",24.25,39.75,2005,2006
"246","Saudi Arabia",26.25,43.75,2005,2006
"247","Saudi Arabia",24.75,44.25,2005,2006
"248","Saudi Arabia",16.75,42.75,2005,2006
"249","Saudi Arabia",21.75,39.25,2005,2006
"250","Saudi Arabia",21.25,39.75,2005,2006
"251","Saudi Arabia",17.25,44.25,2005,2006
"252","Saudi Arabia",24.75,46.75,2005,2006
"253","Saudi Arabia",28.25,36.75,2005,2006
"254","Saudi Arabia",21.25,40.25,2005,2006
"255","Saudi Arabia",20.25,45.75,2005,2006
"256","Saudi Arabia",23.25,39.25,2004,2006
"257","Saudi Arabia",24.25,39.25,2004,2006
"258","Saudi Arabia",24.25,39.25,2004,2006
"259","Pakistan",34.25,71.75,2007,2007
"260","Pakistan",34.25,71.75,2007,2007
"261","Pakistan",31.75,74.25,2012,2012
"262","Pakistan",31.75,73.75,2012,2012
"263","Pakistan",31.25,72.75,2012,2012
"264","Pakistan",31.75,73.75,2007,2007
"265","Pakistan",34.25,71.75,2010,2010
"266","Pakistan",30.75,74.25,2012,2012
"267","Pakistan",31.75,74.25,2012,2012
"268","Pakistan",30.75,73.25,2012,2012
"269","Pakistan",34.25,71.75,2010,2010
"270","Pakistan",31.25,74.25,2012,2012
"271","Pakistan",34.25,71.75,2010,2010
"272","Pakistan",31.75,73.75,2012,2012
"273","Pakistan",31.25,74.25,2012,2012
"274","Pakistan",30.75,74.25,2012,2012
"275","Pakistan",30.25,71.25,2007,2007
"276","Pakistan",31.25,74.25,2012,2012
"277","Pakistan",34.25,71.25,2010,2010
"278","Pakistan",31.25,74.25,2012,2012
"279","Pakistan",32.25,74.25,2012,2012
"280","Pakistan",31.25,74.25,2012,2012
"281","Pakistan",30.75,72.75,2012,2012
"282","Pakistan",31.75,73.75,2012,2012
"283","Pakistan",31.25,72.75,2013,2013
"284","Pakistan",30.75,73.75,2010,2010
"285","Pakistan",33.75,73.25,2012,2013
"286","Pakistan",33.75,73.25,2012,2013
"287","Pakistan",33.75,73.25,2012,2013
"288","Pakistan",33.75,73.25,2012,2013
"289","Pakistan",33.75,73.25,2012,2013
"290","Pakistan",33.75,73.25,2012,2013
"291","Pakistan",31.25,70.75,2011,2011
"292","Pakistan",30.75,71.25,2011,2011
"293","Pakistan",30.75,70.75,2011,2011
"294","Pakistan",30.25,70.75,2011,2011
"295","Pakistan",29.25,70.75,2011,2011
"296","Pakistan",30.25,71.25,2011,2011
"297","Pakistan",29.75,70.75,2011,2011
"298","Pakistan",31.25,70.75,2011,2011
"299","Pakistan",29.75,70.75,2011,2011
"300","Pakistan",28.75,70.25,2011,2011
"301","Pakistan",29.25,70.25,2011,2011
"302","Pakistan",29.25,70.25,2011,2011
"303","Pakistan",32.25,74.75,2013,2013
"304","Pakistan",32.25,75.25,2013,2013
"305","Iran",25.75,55.25,2005,2007
"306","Iran",27.25,56.25,2008,2008
"307","Iran",27.25,56.25,2010,2010
"308","Iran",27.25,56.25,2010,2010
"309","Iran",27.25,57.25,2010,2010
"310","Iran",26.25,57.75,2010,2010
"311","Iran",26.75,58.25,2010,2010
"312","Iran",27.25,60.75,2010,2010
"313","Iran",27.25,60.75,2010,2010
"314","Iran",27.25,60.25,2010,2010
"315","Iran",26.75,61.25,2010,2010
"316","Iran",30.75,49.25,2012,2012
"317","Iran",30.75,49.25,2012,2012
"318","Iran",30.75,49.25,2012,2012
"319","Iran",30.75,49.25,2012,2012
"320","Iran",26.25,57.75,2009,2010
"321","Iran",26.25,58.25,2009,2010
"322","Iran",26.75,57.75,2009,2010
"323","Iran",26.25,57.75,2009,2010
"324","Iran",26.25,57.75,2009,2010
"325","Iran",26.25,57.75,2010,2010
"326","Iran",25.75,55.25,2009,2010
"327","Iran",26.25,55.25,2009,2010
"328","Iran",26.25,55.25,2009,2010
"329","Iran",26.75,55.75,2009,2010
"330","Iran",26.75,56.25,2009,2010
"331","Iran",26.75,56.25,2009,2010
"332","Iran",26.75,55.75,2009,2010
"333","Iran",26.75,56.25,2009,2010
"334","Iran",27.75,57.25,2010,2011
"335","Iran",27.75,57.25,2010,2011
"336","Iran",27.75,57.25,2010,2011
"337","Iran",27.75,57.25,2010,2011
"338","Iran",27.75,57.25,2010,2011
"339","Iran",27.75,57.25,2010,2011
"340","Iran",27.25,57.25,2010,2011
"341","Iran",26.25,58.25,2009,2010
"342","Iran",26.25,58.25,2009,2010
"343","Iran",26.75,58.25,2009,2010
"344","Iran",26.25,58.25,2009,2010
"345","Iran",26.25,58.25,2009,2010
"346","Iran",26.75,57.75,2009,2010
"347","Iran",26.75,57.75,2009,2010
"348","Iran",25.75,58.75,2009,2010
"349","Iran",26.25,57.75,2009,2010
"350","Iran",26.25,57.75,2009,2010
"351","Iran",26.25,57.75,2009,2010
"352","Iran",26.75,58.25,2009,2010
"353","Iran",27.25,56.75,2012,2013
"354","Iran",27.25,57.25,2012,2013
"355","Iran",27.25,57.25,2012,2013
"356","Iran",26.75,57.25,2012,2013
"357","Iran",26.75,57.75,2012,2013
"358","Iran",26.75,57.75,2012,2013
"359","Iran",25.25,60.75,2011,2011
"360","Iran",27.25,60.25,2011,2011
"361","Iran",27.25,60.75,2011,2011
"362","Iran",34.75,48.25,2013,2013
"363","Iran",34.75,48.75,2013,2013
"364","Iran",34.75,48.75,2013,2013
"365","Iran",34.75,48.75,2013,2013
"366","Iran",25.25,60.75,2007,2007
"367","India",10.75,78.75,2007,2009
"368","India",12.75,77.75,2008,2009
"369","India",8.25,77.75,2013,2014
"370","India",8.25,77.25,2013,2014
"371","India",8.25,77.75,2013,2014
"372","India",8.75,77.25,2013,2014
"373","India",8.75,77.25,2013,2014
"374","India",8.75,77.25,2013,2014
"375","India",8.75,77.25,2013,2014
"376","India",8.75,77.25,2013,2014
"377","India",8.75,77.25,2013,2014
"378","India",8.75,77.25,2013,2014
"379","India",22.75,72.75,2010,2010
"380","India",22.75,73.25,2010,2010
"381","Pakistan",34.25,71.75,2007,2007
"382","India",28.75,77.25,2006,2006
"383","India",28.75,77.25,2006,2006
"384","India",28.75,77.25,2006,2007
"385","India",28.75,77.25,2006,2006
"386","India",23.75,85.25,2009,2010
"387","India",28.75,77.25,2014,2014
"388","India",28.75,77.25,2015,2015
"389","India",10.75,79.75,2013,2013
"390","India",12.25,79.75,2013,2013
"391","India",26.25,73.25,2010,2011
"392","India",26.25,73.25,2010,2011
"393","India",26.25,72.75,2010,2011
"394","India",26.25,73.25,2010,2011
"395","India",26.25,73.25,2010,2011
"396","India",26.25,73.25,2010,2011
"397","India",26.25,72.75,2010,2011
"398","India",23.25,72.75,2005,2007
"399","India",22.25,70.25,2005,2007
"400","India",23.25,69.75,2005,2007
"401","India",25.75,71.25,2005,2007
"402","India",26.25,73.25,2005,2007
"403","India",28.25,73.25,2005,2007
"404","India",29.75,73.75,2005,2007
"405","India",12.75,74.75,2006,2006
"406","India",12.75,74.75,2006,2006
"407","India",12.75,74.75,2006,2006
"408","Qatar",25.75,51.25,2009,2011
"409","Qatar",25.75,51.75,2009,2011
"410","Qatar",25.75,51.75,2009,2011
"411","Qatar",25.75,51.25,2009,2011
"412","Qatar",25.75,51.25,2009,2011
"413","India",28.25,77.25,2011,2011
"414","India",27.25,76.75,2012,2012
"415","India",12.75,74.75,2012,2012
"416","India",12.25,76.75,2011,2011
"417","India",21.25,81.75,2012,2012
"418","India",23.25,85.25,2012,2012
"419","India",13.25,80.25,2012,2012
"420","India",13.25,80.25,2015,2015
"421","India",9.75,78.25,2013,2013
"422","India",9.75,78.25,2014,2014
"423","India",10.25,77.75,2013,2013
"424","India",10.25,77.75,2014,2014
"425","India",9.75,78.25,2013,2013
"426","India",9.75,78.25,2014,2014
"427","India",15.25,73.75,2013,2015
"428","India",15.75,73.75,2013,2015
"429","India",15.75,73.75,2013,2015
"430","India",15.25,73.75,2013,2015
"431","India",28.75,76.75,2011,2011
"432","India",23.25,79.75,2011,2011
"433","India",17.25,78.25,2012,2012
"434","India",8.25,76.75,2011,2011
"435","India",23.25,72.75,2012,2012
"436","India",23.25,87.75,2012,2012
"437","India",13.25,80.25,2013,2014
"438","India",12.75,80.25,2013,2014
"439","India",13.25,80.25,2013,2014
"440","India",12.75,80.25,2013,2014
"441","India",12.75,80.25,2013,2014
"442","Ethiopia",6.75,44.25,2016,2016
"443","Djibouti",11.75,43.25,2013,2013
"444","Djibouti",11.75,43.25,2014,2014
"445","Djibouti",11.75,43.25,2013,2013
"446","Djibouti",11.75,43.25,2014,2014
"447","Djibouti",11.75,43.25,2013,2013
"448","Djibouti",11.25,43.25,2012,2012
"449","Djibouti",11.25,43.25,2013,2013
"450","Djibouti",11.25,43.25,2013,2018
"451","Djibouti",11.75,43.25,2013,2013
"452","Djibouti",11.75,43.25,2013,2013
"453","Ehiopia",11.75,41.25,2018,2018
"454","Ehiopia",10.25,40.75,2018,2018
"455","Ehiopia",8.75,40.25,2018,2018
"456","Ehiopia",11.25,40.25,2018,2018
"457","Ehiopia",9.75,41.75,2018,2018
"458","Ehiopia",9.75,41.25,2018,2018
"459","Ehiopia",8.25,43.75,2018,2018
"460","Ehiopia",5.75,43.75,2018,2018
"461","Ehiopia",9.25,42.75,2018,2018
"462","Ehiopia",6.75,44.25,2018,2018
"463","Sri Lanka",9.25,79.75,2016,2017
"464","Sri Lanka",9.25,79.75,2016,2016
"465","Sri Lanka",9.25,79.75,2017,2017
"466","Sri Lanka",9.25,79.75,2017,2017
"467","Sri Lanka",9.25,79.75,2017,2017
"468","Sri Lanka",9.25,79.75,2017,2017
"469","Sri Lanka",8.75,79.75,2017,2017
"470","Sudan",19.75,37.25,2016,2018
"471","Sudan",18.25,37.75,2016,2018
"472","Sudan",13.75,35.25,2016,2016
"473","Sudan",14.25,35.25,2016,2016
"474","India",10.75,78.75,2007,2009
"475","India",12.75,77.75,2008,2009
"476","India",8.25,77.75,2013,2014
"477","India",8.25,77.25,2013,2014
"478","India",8.25,77.75,2013,2014
"479","India",8.75,77.25,2013,2014
"480","India",8.75,77.25,2013,2014
"481","India",8.75,77.25,2013,2014
"482","India",8.75,77.25,2013,2014
"483","India",8.75,77.25,2013,2014
"484","India",8.75,77.25,2013,2014
"485","India",8.75,77.25,2013,2014
"486","India",22.75,72.75,2010,2010
"487","India",22.75,73.25,2010,2010
"488","Pakistan",34.25,71.75,2007,2007
"489","India",28.75,77.25,2006,2006
"490","India",28.75,77.25,2006,2006
"491","India",28.75,77.25,2006,2007
"492","India",28.75,77.25,2006,2006
"493","India",23.75,85.25,2009,2010
"494","India",10.75,79.75,2013,2013
"495","India",12.25,79.75,2013,2013
"496","India",28.75,77.25,1985,1985
"497","India",28.75,77.25,1986,1986
"498","Ethiopia",8.25,38.75,2019,2019
"499","Ethiopia",7.75,38.75,2019,2019
"500","India",28.75,77.25,1996,1996
"501","India",28.75,77.25,1989,1991
"502","India",28.75,77.25,1989,1991
"503","Pakistan",31.75,73.75,1997,1997
"504","Iran (Islamic Republic of)",27.25,56.25,2003,2003
"505","Iran (Islamic Republic of)",27.75,56.25,2002,2002
"506","Iran (Islamic Republic of)",27.75,56.25,2003,2003
"507","Iran (Islamic Republic of)",27.25,56.25,2002,2003
"508","Iran (Islamic Republic of)",28.25,56.75,2002,2003
"509","India",25.25,81.75,1991,1991
"510","India",25.25,81.75,1992,1992
"511","India",25.25,81.75,1991,1992
"512","India",22.75,88.25,1995,1995
"513","India",22.75,88.25,1996,1996
"514","India",22.75,88.25,1995,1996
"515","India",22.25,72.75,1988,1990
"516","Pakistan",29.75,73.25,1999,2000
"517","Pakistan",29.75,73.25,1999,1999
"518","Pakistan",29.75,73.25,2000,2000
"519","Pakistan",29.75,73.25,1999,1999
"520","Iran (Islamic Republic of)",26.75,57.75,2009,2010
"521","Iran (Islamic Republic of)",26.25,57.75,2009,2010
"522","Iran (Islamic Republic of)",26.25,57.75,2009,2010
"523","Iran (Islamic Republic of)",26.25,57.75,2010,2010
"524","Iran (Islamic Republic of)",25.75,55.25,2009,2010
"525","Iran (Islamic Republic of)",26.25,55.25,2009,2010
"526","Iran (Islamic Republic of)",26.25,55.25,2009,2010
"527","Iran (Islamic Republic of)",26.75,55.75,2009,2010
"528","Iran (Islamic Republic of)",26.75,56.25,2009,2010
"529","Iran (Islamic Republic of)",26.75,56.25,2009,2010
"530","Iran (Islamic Republic of)",26.75,55.75,2009,2010
"531","Iran (Islamic Republic of)",26.75,56.25,2009,2010
"532","Iran (Islamic Republic of)",27.75,57.25,2010,2011
"533","Iran (Islamic Republic of)",27.75,57.25,2010,2011
"534","Iran (Islamic Republic of)",27.75,57.25,2010,2011
"535","Iran (Islamic Republic of)",27.75,57.25,2010,2011
"536","Iran (Islamic Republic of)",26.25,58.25,2009,2010
"537","Iran (Islamic Republic of)",26.75,58.25,2009,2010
"538","Iran (Islamic Republic of)",26.25,58.25,2009,2010
"539","Iran (Islamic Republic of)",26.25,58.25,2009,2010
"540","Iran (Islamic Republic of)",26.75,57.75,2009,2010
"541","Iran (Islamic Republic of)",26.75,57.75,2009,2010
"542","Iran (Islamic Republic of)",25.75,58.75,2009,2010
"543","Iran (Islamic Republic of)",26.25,57.75,2009,2010
"544","Iran (Islamic Republic of)",26.25,57.75,2009,2010
"545","Iran (Islamic Republic of)",26.25,57.75,2009,2010
"546","Iran (Islamic Republic of)",26.75,58.25,2009,2010
"547","Iran (Islamic Republic of)",27.25,56.75,2012,2013
"548","Iran (Islamic Republic of)",27.25,57.25,2012,2013
"549","Iran (Islamic Republic of)",27.25,57.25,2012,2013
"550","Iran (Islamic Republic of)",26.75,57.25,2012,2013
"551","Iran (Islamic Republic of)",26.75,57.75,2012,2013
"552","Iran (Islamic Republic of)",26.75,57.75,2012,2013
"553","Iran (Islamic Republic of)",25.25,60.75,2011,2011
"554","Iran (Islamic Republic of)",27.25,60.25,2011,2011
"555","Iran (Islamic Republic of)",27.25,60.75,2011,2011
"556","Iran (Islamic Republic of)",34.75,48.25,2013,2013
"557","Pakistan",31.75,73.75,1998,1998
"558","Pakistan",34.25,71.75,1999,1999
"559","Iran (Islamic Republic of)",27.25,56.25,2002,2002
"560","India",28.75,77.25,1994,1994
"561","India",28.75,77.25,1995,1995
"562","India",28.75,77.25,1989,1991
"563","India",28.75,77.25,1989,1991
"564","India",28.75,77.25,1989,1991
"565","India",28.75,77.25,1989,1991
"566","India",28.75,77.25,1989,1991
"567","India",28.75,77.25,1989,1991
"568","India",29.25,79.25,1992,1994
"569","Iran (Islamic Republic of)",27.25,56.25,2002,2002
"570","Pakistan",30.75,74.25,2012,2012
"571","Pakistan",30.25,71.25,2007,2007
"572","Pakistan",31.25,74.25,2012,2012
"573","Pakistan",34.25,71.25,2010,2010
"574","Pakistan",31.25,74.25,2012,2012
"575","Pakistan",32.25,74.25,2012,2012
"576","Pakistan",31.25,74.25,2012,2012
"577","Pakistan",30.75,72.75,2012,2012
"578","Pakistan",31.75,73.75,2012,2012
"579","Pakistan",31.25,72.75,2013,2013
"580","Pakistan",30.75,73.75,2010,2010
"581","Pakistan",33.75,73.25,2012,2013
"582","Pakistan",33.75,73.25,2012,2013
"583","Pakistan",33.75,73.25,2012,2013
"584","Pakistan",33.75,73.25,2012,2013
"585","Pakistan",33.75,73.25,2012,2013
"586","Pakistan",33.75,73.25,2012,2013
"587","Pakistan",31.25,70.75,2011,2011
"588","Pakistan",30.75,71.25,2011,2011
"589","Pakistan",30.75,70.75,2011,2011
"590","Pakistan",30.25,70.75,2011,2011
"591","Pakistan",28.75,70.25,2011,2011
"592","Pakistan",29.25,70.25,2011,2011
"593","Pakistan",29.25,70.25,2011,2011
"594","Pakistan",32.25,74.75,2013,2013
"595","Iran (Islamic Republic of)",25.75,55.25,2005,2007
"596","Iran (Islamic Republic of)",27.25,57.25,2010,2010
"597","Iran (Islamic Republic of)",26.25,57.75,2010,2010
"598","Iran (Islamic Republic of)",26.75,58.25,2010,2010
"599","Iran (Islamic Republic of)",27.25,60.75,2010,2010
"600","Iran (Islamic Republic of)",27.25,60.75,2010,2010
"601","Iran (Islamic Republic of)",27.25,60.25,2010,2010
"602","Iran (Islamic Republic of)",26.75,61.25,2010,2010
"603","Iran (Islamic Republic of)",30.75,49.25,2012,2012
"604","Iran (Islamic Republic of)",30.75,49.25,2012,2012
"605","Iran (Islamic Republic of)",30.75,49.25,2012,2012
"606","Iran (Islamic Republic of)",30.75,49.25,2012,2012
"607","Pakistan",32.25,75.25,2013,2013
"608","India",15.25,73.75,1993,1993
"609","India",12.25,76.75,1992,1993
"610","India",22.75,88.25,1985,1985
"611","India",28.75,77.25,2014,2014
"612","India",28.75,77.25,2015,2015
"613","Pakistan",29.75,73.25,1999,1999
"614","Pakistan",29.75,73.25,1999,2000
"615","Myanmar",21.75,96.25,1998,2000
"616","Myanmar",22.75,95.75,1998,2000
"617","Myanmar",21.75,96.25,1998,2000
"618","Myanmar",20.75,95.75,1998,2000
"619","Myanmar",19.75,96.25,1998,2000
"620","Myanmar",22.25,96.75,1998,2000
"621","Myanmar",20.75,96.25,1998,2000
"622","Myanmar",20.25,96.25,1998,2000
"623","Myanmar",24.25,96.25,1998,2000
"624","Myanmar",22.75,95.75,1998,2000
"625","Myanmar",20.25,94.75,1998,2000
"626","Myanmar",20.75,94.25,1998,2000
"627","Myanmar",21.25,94.25,1998,2000
"628","Myanmar",19.25,95.25,1998,2000
"629","Myanmar",19.25,95.25,1998,2000
"630","Myanmar",19.25,95.25,1998,2000
"631","Myanmar",20.25,94.75,1998,2000
"632","Myanmar",20.25,94.75,1998,2000
"633","Myanmar",20.75,97.25,1998,2000
"634","Myanmar",21.25,99.75,1998,2000
"635","Myanmar",20.75,96.25,1998,2000
"636","Myanmar",20.75,97.25,1998,2000
"637","Myanmar",25.25,97.25,1998,2000
"638","Myanmar",18.75,95.25,1998,2000
"639","Myanmar",18.75,95.25,1998,2000
"640","Myanmar",18.75,95.25,1998,2000
"641","Myanmar",14.75,98.25,1996,1998
"642","Myanmar",14.75,98.25,1996,1998
"643","Myanmar",18.75,96.25,1993,1993
"644","India",28.75,77.25,1996,1996
"645","Sudan",19.75,37.25,2016,2018
"646","Sudan",18.25,37.75,2016,2018
"647","Sudan",14.25,35.25,2016,2016
"648","Sudan",14.25,35.25,2016,2016
"649","Pakistan",32.25,69.75,1989,1989
"650","India",17.25,78.25,1989,1989
"651","India",17.25,78.75,1989,1989
"652","Pakistan",33.75,71.75,1993,1994
"653","India",28.75,77.75,1993,1993
"654","India",22.75,80.25,1987,1987
"655","India",22.75,72.75,1985,1985
"656","India",12.75,74.75,2006,2006
"657","Iran (Islamic Republic of)",26.75,60.75,1995,1995
"658","Myanmar",24.75,97.75,2012,2014
"659","Myanmar",24.75,97.75,2012,2014
"660","Myanmar",24.75,97.75,2012,2014
"661","Saudi Arabia",18.25,42.25,2005,2006
"662","Saudi Arabia",26.25,50.25,2005,2006
"663","Saudi Arabia",24.25,39.75,2005,2006
"664","Saudi Arabia",26.25,43.75,2005,2006
"665","Saudi Arabia",24.75,44.25,2005,2006
"666","Saudi Arabia",16.75,42.75,2005,2006
"667","Saudi Arabia",21.75,39.25,2005,2006
"668","Saudi Arabia",21.25,39.75,2005,2006
"669","Saudi Arabia",17.25,44.25,2005,2006
"670","Saudi Arabia",24.25,39.25,2004,2006
"671","Saudi Arabia",24.25,39.25,2004,2006
"672","Pakistan",34.25,71.75,2007,2007
"673","Pakistan",34.25,71.75,2007,2007
"674","Pakistan",31.75,74.25,2012,2012
"675","Pakistan",31.75,73.75,2012,2012
"676","Pakistan",31.25,72.75,2012,2012
"677","Pakistan",31.75,73.75,2007,2007
"678","Pakistan",34.25,71.75,2010,2010
"679","Pakistan",30.75,74.25,2012,2012
"680","Pakistan",31.75,74.25,2012,2012
"681","Pakistan",30.75,73.25,2012,2012
"682","Pakistan",34.25,71.75,2010,2010
"683","Pakistan",31.25,74.25,2012,2012
"684","Pakistan",34.25,71.75,2010,2010
"685","Pakistan",31.75,73.75,2012,2012
"686","Pakistan",31.25,74.25,2012,2012
"687","Pakistan",29.75,73.25,2000,2000
"688","Pakistan",29.75,73.25,1999,2000
"689","Myanmar",20.75,94.75,1998,2000
"690","Myanmar",20.25,94.25,1998,2000
"691","Myanmar",20.25,94.25,1998,2000
"692","Myanmar",21.25,92.25,1998,2000
"693","Myanmar",20.75,92.25,1998,2000
"694","Myanmar",20.25,93.25,1998,2000
"695","Iran (Islamic Republic of)",26.25,57.75,2009,2010
"696","Iran (Islamic Republic of)",26.25,58.25,2009,2010
"697","Myanmar",21.75,96.25,1998,2000
"698","Myanmar",20.75,95.25,1998,2000
"699","Myanmar",21.25,95.25,1998,2000
"700","Myanmar",22.75,95.75,1998,2000
"701","Myanmar",22.75,96.25,1998,2000
"702","Myanmar",22.25,96.75,1998,2000
"703","India",27.75,71.75,1993,1993
"704","India",27.75,71.75,1994,1994
"705","India",27.25,72.25,1993,1995
"706","Myanmar",22.25,94.25,1998,2000
"707","Myanmar",20.25,95.75,1998,2000
"708","Myanmar",20.25,95.25,1998,2000
"709","Myanmar",20.25,95.25,1998,2000
"710","Myanmar",20.25,94.75,1998,2000
"711","Myanmar",21.75,95.25,1998,2000
"712","India",28.25,77.25,2002,2002
"713","Iraq",33.25,44.25,1985,1985
"714","Pakistan",29.75,73.25,1999,2000
"715","Pakistan",29.75,73.25,1999,2000
"716","Pakistan",33.75,71.75,2005,2005
"717","United Arab Emirates",25.25,55.25,1986,1986
"718","Iran (Islamic Republic of)",29.75,51.75,2000,2000
"719","India",28.75,77.25,1991,1991
"720","India",13.25,80.25,2003,2003
"721","India",25.25,81.75,1999,2001
"722","India",22.75,88.25,2003,2003
"723","India",22.75,88.25,2003,2004
"724","India",22.75,88.25,2004,2004
"725","India",22.75,88.25,2004,2005
"726","India",22.75,88.25,2005,2005
"727","India",22.75,88.25,2005,2006
"728","India",27.25,72.25,1993,1993
"729","India",27.25,72.25,1994,1994
"730","India",28.75,77.25,1985,1985
"731","India",28.75,77.25,1985,1985
"732","India",28.75,77.25,1985,1985
"733","India",28.25,77.25,1985,1985
"734","India",28.75,77.25,1985,1985
"735","India",28.75,77.25,1985,1985
"736","India",28.75,77.25,1985,1985
"737","Myanmar",19.75,96.25,1998,2000
"738","Myanmar",23.75,94.25,1998,2000
"739","Myanmar",24.25,94.25,1998,2000
"740","Myanmar",22.25,95.25,1998,2000
"741","Myanmar",24.25,95.75,1998,2000
"742","Myanmar",24.25,96.25,1998,2000
"743","Iran (Islamic Republic of)",27.25,56.25,2008,2008
"744","Iran (Islamic Republic of)",27.25,56.25,2010,2010
"745","Iran (Islamic Republic of)",27.25,56.25,2010,2010
"746","Myanmar",14.75,97.75,1996,1998
"747","Myanmar",14.75,97.75,1996,1998
"748","Myanmar",18.75,96.25,1992,1993
"749","Myanmar",18.75,96.25,1992,1992
"750","Myanmar",17.25,96.25,1998,2000
"751","Myanmar",17.25,96.25,1998,2000
"752","Myanmar",16.75,94.75,1998,2000
"753","Myanmar",16.75,94.25,1998,2000
"754","Myanmar",17.75,95.25,1998,2000
"755","Myanmar",22.25,96.25,1998,2000
"756","Myanmar",22.25,96.25,1998,2000
"757","Myanmar",22.25,96.25,1998,2000
"758","Myanmar",22.25,96.25,1998,2000
"759","India",28.75,77.25,1986,1986
"760","Iran (Islamic Republic of)",27.25,60.75,2002,2002
"761","Iran (Islamic Republic of)",25.25,60.75,2002,2002
"762","Iran (Islamic Republic of)",26.25,60.25,2002,2002
"763","Iran (Islamic Republic of)",28.25,61.25,2002,2002
"764","Iran (Islamic Republic of)",29.75,51.75,2002,2002
"765","Iran (Islamic Republic of)",27.25,56.25,2002,2002
"766","India",22.75,72.75,1993,1994
"767","India",15.25,73.75,1990,1990
"768","India",15.25,73.75,1991,1992
"769","India",22.75,88.25,1986,1986
"770","India",22.75,88.25,1985,1986
"771","India",22.75,88.25,1985,1985
"772","India",22.75,88.25,1986,1988
"773","India",30.75,74.75,1995,1995
"774","India",30.25,76.25,1995,1995
"775","India",30.75,76.75,1995,1995
"776","India",25.25,71.25,1994,1994
"777","Pakistan",34.25,71.75,1992,1992
"778","Iran (Islamic Republic of)",27.25,57.25,1985,1985
"779","Iran (Islamic Republic of)",27.25,57.25,1986,1986
"780","India",22.75,79.75,1995,1995
"781","India",22.75,88.25,1995,1996
"782","India",22.75,88.25,1995,1996
"783","India",22.75,88.25,1995,1996
"784","India",28.75,77.25,1993,1993
"785","Afghanistan",34.25,70.25,1998,1998
"786","India",23.75,77.75,1987,1988
"787","India",21.25,73.25,1993,1993
"788","India",15.75,73.75,1991,1992
"789","Pakistan",31.25,73.25,2001,2002
"790","India",28.25,77.25,2002,2002
"791","India",28.25,77.25,2002,2002
"792","Ethiopia",10.25,40.25,2018,2018
"793","Ethiopia",8.25,40.25,2018,2018
"794","Ethiopia",9.25,41.25,2018,2018
"795","Ethiopia",11.25,40.25,2018,2018
"796","Ethiopia",8.75,39.75,2019,2019
"797","Sudan",15.75,32.75,2018,2018
"798","India",22.75,88.25,1991,1991
"799","India",22.75,88.25,1986,1986
"800","India",28.75,77.25,1996,1996
"801","India",26.75,75.75,1986,1987
"802","India",26.75,75.75,1987,1987
"803","Pakistan",33.75,71.75,1994,1994
"804","India",15.75,73.75,1998,1999
"805","India",28.75,77.25,1985,1985
"806","India",28.75,77.25,1986,1986
"807","India",28.75,77.25,1984,1986
"808","India",28.75,77.25,1984,1986
"809","India",28.75,77.25,1985,1985
"810","India",9.75,78.25,2013,2013
"811","India",9.75,78.25,2014,2014
"812","India",10.25,77.75,2013,2013
"813","India",10.25,77.75,2014,2014
"814","India",9.75,78.25,2013,2013
"815","India",9.75,78.25,2014,2014
"816","India",15.25,73.75,2013,2015
"817","India",15.75,73.75,2013,2015
"818","India",15.75,73.75,2013,2015
"819","India",15.25,73.75,2013,2015
"820","India",28.75,76.75,2011,2011
"821","India",23.25,79.75,2011,2011
"822","India",17.25,78.25,2012,2012
"823","India",8.25,76.75,2011,2011
"824","India",23.25,72.75,2012,2012
"825","India",23.25,87.75,2012,2012
"826","India",13.25,80.25,2013,2014
"827","India",12.75,80.25,2013,2014
"828","India",13.25,80.25,2013,2014
"829","India",12.75,80.25,2013,2014
"830","India",12.75,80.25,2013,2014
"831","Djibouti",11.25,43.25,2012,2012
"832","Djibouti",11.75,43.25,2013,2013
"833","Djibouti",11.75,43.25,2013,2013
"834","Djibouti",11.75,43.25,2013,2013
"835","Djibouti",11.25,43.25,2013,2013
"836","Djibouti",11.75,43.25,2013,2013
"837","Djibouti",11.75,43.25,2013,2013
"838","Djibouti",11.75,43.25,2014,2014
"839","Djibouti",11.75,43.25,2014,2014
"840","Djibouti",11.25,43.25,2018,2013
"841","Sri Lanka",9.25,79.75,2016,2017
"842","Sri Lanka",9.25,79.75,2016,2016
"843","Sri Lanka",9.25,79.75,2017,2017
"844","Sri Lanka",9.25,79.75,2017,2017
"845","Sri Lanka",9.25,79.75,2017,2017
"846","Sri Lanka",9.25,79.75,2017,2017
"847","Sri Lanka",8.75,79.75,2017,2017
"848","Ethiopia",6.75,44.25,2016,2016
"849","Somalia",11.25,49.25,2019,2019
"850","Ethiopia",9.25,42.25,2018,2018
"851","Ethiopia",9.25,41.25,2018,2018
"852","Ethiopia",6.25,44.25,2018,2018
"853","Ethiopia",5.25,43.25,2018,2018
"854","Ethiopia",8.25,43.25,2018,2018
"855","Ethiopia",11.25,41.25,2018,2018
"856","Myanmar",24.75,96.25,1998,2000
"857","Myanmar",22.75,93.75,1998,2000
"858","Myanmar",19.25,96.75,1998,2000
"859","Myanmar",16.75,97.75,1998,2000
"860","Myanmar",18.75,96.25,1998,2000
"861","Myanmar",19.25,96.25,1998,2000
"862","Pakistan",29.25,70.75,2011,2011
"863","Pakistan",30.25,71.25,2011,2011
"864","Pakistan",29.75,70.75,2011,2011
"865","Pakistan",31.25,70.75,2011,2011
"866","Pakistan",29.75,70.75,2011,2011
"867","Pakistan",29.75,73.25,2000,2000
"868","Iran (Islamic Republic of)",27.25,56.75,1984,1985
"869","Iran (Islamic Republic of)",27.25,56.75,1985,1985
"870","India",28.25,77.25,1986,1986
"871","India",22.75,88.25,1985,1987
"872","Pakistan",29.75,73.25,2000,2000
"873","India",22.75,88.25,1986,1986
"874","India",22.75,88.25,1987,1987
"875","India",10.25,77.75,1994,1994
"876","India",10.25,77.75,1995,1995
"877","India",22.25,72.75,1988,1990
"878","India",21.25,72.75,2001,2001
"879","India",22.75,73.25,1999,2000
"880","India",29.25,77.25,1999,2000
"881","India",22.75,88.25,1990,1990
"882","India",26.25,73.25,2010,2011
"883","India",26.25,73.25,2010,2011
"884","India",26.25,72.75,2010,2011
"885","India",26.25,73.25,2010,2011
"886","India",26.25,73.25,2010,2011
"887","India",26.25,73.25,2010,2011
"888","India",26.25,72.75,2010,2011
"889","India",23.25,72.75,2005,2007
"890","India",22.25,70.25,2005,2007
"891","India",23.25,69.75,2005,2007
"892","India",25.75,71.25,2005,2007
"893","India",26.25,73.25,2005,2007
"894","India",28.25,73.25,2005,2007
"895","India",29.75,73.75,2005,2007
"896","India",12.75,74.75,2006,2006
"897","India",12.75,74.75,2006,2006
"898","India",12.75,74.75,2006,2006
"899","Qatar",25.75,51.25,2009,2011
"900","Qatar",25.75,51.75,2009,2011
"901","Qatar",25.75,51.75,2009,2011
"902","Qatar",25.75,51.25,2009,2011
"903","Qatar",25.75,51.25,2009,2011
"904","India",28.25,77.25,2011,2011
"905","India",27.25,76.75,2012,2012
"906","India",12.75,74.75,2012,2012
"907","India",12.25,76.75,2011,2011
"908","India",21.25,81.75,2012,2012
"909","India",23.25,85.25,2012,2012
"910","India",13.25,80.25,2012,2012
"911","India",13.25,80.25,2015,2015
"912","Iran (Islamic Republic of)",34.75,48.75,2013,2013
"913","Iran (Islamic Republic of)",34.75,48.75,2013,2013
"914","Iran (Islamic Republic of)",34.75,48.75,2013,2013
"915","Iran (Islamic Republic of)",25.25,60.75,2007,2007
"916","India",10.75,72.75,2000,2000
"917","India",10.75,72.25,2000,2000
"918","India",28.75,77.25,1985,1985
"919","Iran (Islamic Republic of)",27.75,57.25,2010,2011
"920","Iran (Islamic Republic of)",27.25,57.25,2010,2011
"921","Iran (Islamic Republic of)",26.25,58.25,2009,2010
"922","Iran (Islamic Republic of)",27.75,57.25,2010,2011
"923","India",27.75,71.75,1993,1995
"924","Saudi Arabia",24.75,46.75,2005,2006
"925","Saudi Arabia",28.25,36.75,2005,2006
"926","Saudi Arabia",21.25,40.25,2005,2006
"927","Saudi Arabia",20.25,45.75,2005,2006
"928","Saudi Arabia",23.25,39.25,2004,2006
